-- Seed NTFL data
insert into public.teams (name, coach_name, ac_name, conference, division, logo_url, primary_color, secondary_color, wins, losses, ties, points_for, points_against, streak, notes) values
('Chiefs', '@always_chiefs', '@DelanesDomain5', 'AFC', 'AFC West', '', '#1e293b', '#a78bfa', 0, 0, 0, 0, 0, '', ''),
('Broncos', '@PickedByPS2', '@SurtainGlazer', 'AFC', 'AFC West', '', '#1e293b', '#a78bfa', 0, 0, 0, 0, 0, '', ''),
('Raiders', '@SatansWrathful', '@RAIDERNTFL', 'AFC', 'AFC West', '', '#1e293b', '#a78bfa', 0, 0, 0, 0, 0, '', ''),
('Chargers', '@OmarionHamp2', '@PettyPDinero', 'AFC', 'AFC West', '', '#1e293b', '#a78bfa', 0, 0, 0, 0, 0, '', ''),
('Bengals', '@Dude_Man_11', '@RDukes08', 'AFC', 'AFC North', '', '#111827', '#f97316', 0, 0, 0, 0, 0, '', ''),
('Ravens', '@H0LLYW00DCARLOS', '@HoodieYo8', 'AFC', 'AFC North', '', '#111827', '#f97316', 0, 0, 0, 0, 0, '', ''),
('Steelers', '@Feed_DK', '', 'AFC', 'AFC North', '', '#111827', '#f97316', 0, 0, 0, 0, 0, '', ''),
('Browns', '@martinsport2495', '', 'AFC', 'AFC North', '', '#111827', '#f97316', 0, 0, 0, 0, 0, '', ''),
('Titans', '@InformedWatcher', '', 'AFC', 'AFC South', '', '#1f2937', '#22c55e', 0, 0, 0, 0, 0, '', ''),
('Texans', '@CamIsKing11', '', 'AFC', 'AFC South', '', '#1f2937', '#22c55e', 0, 0, 0, 0, 0, '', ''),
('Jaguars', '@liamcoenszn', '', 'AFC', 'AFC South', '', '#1f2937', '#22c55e', 0, 0, 0, 0, 0, '', ''),
('Colts', '@happystlfan4', '', 'AFC', 'AFC South', '', '#1f2937', '#22c55e', 0, 0, 0, 0, 0, '', ''),
('Bills', '@iancmcclintock', '@Valen59DaGoat', 'AFC', 'AFC East', '', '#0f172a', '#38bdf8', 0, 0, 0, 0, 0, '', ''),
('Dolphins', '@WydPoison', '@QuixProductions', 'AFC', 'AFC East', '', '#0f172a', '#38bdf8', 0, 0, 0, 0, 0, '', ''),
('Jets', '@Scotclone', '', 'AFC', 'AFC East', '', '#0f172a', '#38bdf8', 0, 0, 0, 0, 0, '', ''),
('Patriots', '@M_JWYouTube', '', 'AFC', 'AFC East', '', '#0f172a', '#38bdf8', 0, 0, 0, 0, 0, '', ''),
('Bears', '@burdenszn', '', 'NFC', 'NFC North', '', '#0f172a', '#f59e0b', 0, 0, 0, 0, 0, '', ''),
('Lions', '@MossedBySunGod', '', 'NFC', 'NFC North', '', '#0f172a', '#f59e0b', 0, 0, 0, 0, 0, '', ''),
('Packers', '@bug49_', '@NotOnGodOnRodge', 'NFC', 'NFC North', '', '#0f172a', '#f59e0b', 0, 0, 0, 0, 0, '', ''),
('Vikings', '@GarganoSzn1', '', 'NFC', 'NFC North', '', '#0f172a', '#f59e0b', 0, 0, 0, 0, 0, '', ''),
('Cowboys', '@ClaytonSkiles', '*NotLikeCeedee', 'NFC', 'NFC East', '', '#111827', '#60a5fa', 0, 0, 0, 0, 0, '', ''),
('Eagles', '@BraedonMinarik', '@Philliesszn2026', 'NFC', 'NFC East', '', '#111827', '#60a5fa', 0, 0, 0, 0, 0, '', ''),
('Commanders', '@Xommanders', '@NateBG_22', 'NFC', 'NFC East', '', '#111827', '#60a5fa', 0, 0, 0, 0, 0, '', ''),
('Giants', '@wydpoint', '@Laf4MVP_', 'NFC', 'NFC East', '', '#111827', '#60a5fa', 0, 0, 0, 0, 0, '', ''),
('Saints', '@ThomasBart17127', '@ihykronos', 'NFC', 'NFC South', '', '#111827', '#fb7185', 0, 0, 0, 0, 0, '', ''),
('Panthers', '@gabriel_ki4939', '', 'NFC', 'NFC South', '', '#111827', '#fb7185', 0, 0, 0, 0, 0, '', ''),
('Falcons', '@grae_visocan', '', 'NFC', 'NFC South', '', '#111827', '#fb7185', 0, 0, 0, 0, 0, '', ''),
('Buccaneers', '@bucsnationx210', '', 'NFC', 'NFC South', '', '#111827', '#fb7185', 0, 0, 0, 0, 0, '', ''),
('Rams', '@Bucsfan6to13', '@ChickenNinja42', 'NFC', 'NFC West', '', '#0f172a', '#2dd4bf', 0, 0, 0, 0, 0, '', ''),
('49ers', '@Ty_C13', '', 'NFC', 'NFC West', '', '#0f172a', '#2dd4bf', 0, 0, 0, 0, 0, '', ''),
('Seahawks', '@wardangsports88', '@gregheffley2011', 'NFC', 'NFC West', '', '#0f172a', '#2dd4bf', 0, 0, 0, 0, 0, '', ''),
('Cardinals', '@watts__53', '', 'NFC', 'NFC West', '', '#0f172a', '#2dd4bf', 0, 0, 0, 0, 0, '', '');

insert into public.schedule_games (id, week, week_number, home_team_name, away_team_name, status, is_live, spotlight, source_sheet, note) values
('w1-seahawks-49ers', 'W1', 1, '49ers', 'Seahawks', 'scheduled', false, false, 'NFC West', ''),
('w1-dolphins-bills', 'W1', 1, 'Bills', 'Dolphins', 'scheduled', false, false, 'AFC East', ''),
('w1-chiefs-broncos', 'W1', 1, 'Broncos', 'Chiefs', 'scheduled', false, false, 'AFC West', ''),
('w1-steelers-browns', 'W1', 1, 'Browns', 'Steelers', 'scheduled', false, false, 'AFC North', ''),
('w1-falcons-buccaneers', 'W1', 1, 'Buccaneers', 'Falcons', 'scheduled', false, false, 'NFC South', ''),
('w1-giants-cowboys', 'W1', 1, 'Cowboys', 'Giants', 'scheduled', false, false, 'NFC East', ''),
('w1-commanders-eagles', 'W1', 1, 'Eagles', 'Commanders', 'scheduled', false, false, 'NFC East', ''),
('w1-titans-jaguars', 'W1', 1, 'Jaguars', 'Titans', 'scheduled', false, false, 'AFC South', ''),
('w1-lions-packers', 'W1', 1, 'Packers', 'Lions', 'scheduled', false, false, 'NFC North', ''),
('w1-jets-patriots', 'W1', 1, 'Patriots', 'Jets', 'scheduled', false, false, 'AFC East', ''),
('w1-chargers-raiders', 'W1', 1, 'Raiders', 'Chargers', 'scheduled', false, false, 'AFC West', ''),
('w1-cardinals-rams', 'W1', 1, 'Rams', 'Cardinals', 'scheduled', false, false, 'NFC West', ''),
('w1-bengals-ravens', 'W1', 1, 'Ravens', 'Bengals', 'scheduled', false, false, 'AFC North', ''),
('w1-panthers-41-38-ot-saints', 'W1', 1, 'Saints', 'Panthers (41-38) OT', 'scheduled', false, false, 'NFC South', ''),
('w1-panthers-saints-38-41-ot', 'W1', 1, 'Saints (38-41) OT', 'Panthers', 'scheduled', false, false, 'NFC South', ''),
('w1-colts-texans', 'W1', 1, 'Texans', 'Colts', 'scheduled', false, false, 'AFC South', ''),
('w1-bears-vikings', 'W1', 1, 'Vikings', 'Bears', 'scheduled', false, false, 'NFC North', ''),
('w2-rams-49ers', 'W2', 2, '49ers', 'Rams', 'scheduled', false, false, 'NFC West', ''),
('w2-steelers-bengals', 'W2', 2, 'Bengals', 'Steelers', 'scheduled', false, false, 'AFC North', ''),
('w2-patriots-bills', 'W2', 2, 'Bills', 'Patriots', 'scheduled', false, false, 'AFC East', ''),
('w2-raiders-broncos', 'W2', 2, 'Broncos', 'Raiders', 'scheduled', false, false, 'AFC West', ''),
('w2-saints-buccaneers', 'W2', 2, 'Buccaneers', 'Saints', 'scheduled', false, false, 'NFC South', ''),
('w2-chargers-chiefs', 'W2', 2, 'Chiefs', 'Chargers', 'scheduled', false, false, 'AFC West', ''),
('w2-titans-colts', 'W2', 2, 'Colts', 'Titans', 'scheduled', false, false, 'AFC South', ''),
('w2-eagles-cowboys', 'W2', 2, 'Cowboys', 'Eagles', 'scheduled', false, false, 'NFC East', ''),
('w2-jets-dolphins', 'W2', 2, 'Dolphins', 'Jets', 'scheduled', false, false, 'AFC East', ''),
('w2-panthers-falcons', 'W2', 2, 'Falcons', 'Panthers', 'scheduled', false, false, 'NFC South', ''),
('w2-commanders-giants', 'W2', 2, 'Giants', 'Commanders', 'scheduled', false, false, 'NFC East', ''),
('w2-bears-lions', 'W2', 2, 'Lions', 'Bears', 'scheduled', false, false, 'NFC North', ''),
('w2-vikings-packers', 'W2', 2, 'Packers', 'Vikings', 'scheduled', false, false, 'NFC North', ''),
('w2-browns-ravens', 'W2', 2, 'Ravens', 'Browns', 'scheduled', false, false, 'AFC North', ''),
('w2-cardinals-seahawks', 'W2', 2, 'Seahawks', 'Cardinals', 'scheduled', false, false, 'NFC West', ''),
('w2-jaguars-texans', 'W2', 2, 'Texans', 'Jaguars', 'scheduled', false, false, 'AFC South', ''),
('w3-cardinals-49ers', 'W3', 3, '49ers', 'Cardinals', 'scheduled', false, false, 'NFC West', ''),
('w3-browns-bengals', 'W3', 3, 'Bengals', 'Browns', 'scheduled', false, false, 'AFC North', ''),
('w3-jets-bills', 'W3', 3, 'Bills', 'Jets', 'scheduled', false, false, 'AFC East', ''),
('w3-chargers-broncos', 'W3', 3, 'Broncos', 'Chargers', 'scheduled', false, false, 'AFC West', ''),
('w3-panthers-buccaneers', 'W3', 3, 'Buccaneers', 'Panthers', 'scheduled', false, false, 'NFC South', ''),
('w3-raiders-chiefs', 'W3', 3, 'Chiefs', 'Raiders', 'scheduled', false, false, 'AFC West', ''),
('w3-jaguars-colts', 'W3', 3, 'Colts', 'Jaguars', 'scheduled', false, false, 'AFC South', ''),
('w3-commanders-cowboys', 'W3', 3, 'Cowboys', 'Commanders', 'scheduled', false, false, 'NFC East', ''),
('w3-patriots-dolphins', 'W3', 3, 'Dolphins', 'Patriots', 'scheduled', false, false, 'AFC East', ''),
('w3-saints-falcons', 'W3', 3, 'Falcons', 'Saints', 'scheduled', false, false, 'NFC South', ''),
('w3-eagles-giants', 'W3', 3, 'Giants', 'Eagles', 'scheduled', false, false, 'NFC East', ''),
('w3-vikings-lions', 'W3', 3, 'Lions', 'Vikings', 'scheduled', false, false, 'NFC North', ''),
('w3-bears-packers', 'W3', 3, 'Packers', 'Bears', 'scheduled', false, false, 'NFC North', ''),
('w3-steelers-ravens', 'W3', 3, 'Ravens', 'Steelers', 'scheduled', false, false, 'AFC North', ''),
('w3-rams-seahawks', 'W3', 3, 'Seahawks', 'Rams', 'scheduled', false, false, 'NFC West', ''),
('w3-titans-texans', 'W3', 3, 'Texans', 'Titans', 'scheduled', false, false, 'AFC South', ''),
('w4-chiefs-buccaneers', 'W4', 4, 'Buccaneers', 'Chiefs', 'scheduled', false, false, 'NFC South', ''),
('w4-commanders-cardinals', 'W4', 4, 'Cardinals', 'Commanders', 'scheduled', false, false, 'NFC West', ''),
('w4-panthers-cowboys', 'W4', 4, 'Cowboys', 'Panthers', 'scheduled', false, false, 'NFC South', ''),
('w4-chargers-eagles', 'W4', 4, 'Eagles', 'Chargers', 'scheduled', false, false, 'NFC East', ''),
('w4-seahawks-falcons', 'W4', 4, 'Falcons', 'Seahawks', 'scheduled', false, false, 'NFC West', ''),
('w4-lions-giants', 'W4', 4, 'Giants', 'Lions', 'scheduled', false, false, 'NFC North', ''),
('w4-bears-jaguars', 'W4', 4, 'Jaguars', 'Bears', 'scheduled', false, false, 'NFC North', ''),
('w4-browns-packers', 'W4', 4, 'Packers', 'Browns', 'scheduled', false, false, 'NFC North', ''),
('w4-titans-raiders', 'W4', 4, 'Raiders', 'Titans', 'scheduled', false, false, 'AFC West', ''),
('w4-colts-rams', 'W4', 4, 'Rams', 'Colts', 'scheduled', false, false, 'NFC West', ''),
('w4-broncos-ravens', 'W4', 4, 'Ravens', 'Broncos', 'scheduled', false, false, 'AFC West', ''),
('w4-steelers-saints', 'W4', 4, 'Saints', 'Steelers', 'scheduled', false, false, 'NFC South', ''),
('w4-bengals-texans', 'W4', 4, 'Texans', 'Bengals', 'scheduled', false, false, 'AFC South', ''),
('w4-49ers-vikings', 'W4', 4, 'Vikings', '49ers', 'scheduled', false, false, 'NFC West', ''),
('w5-jets-bears', 'W5', 5, 'Bears', 'Jets', 'scheduled', false, false, 'NFC North', ''),
('w5-colts-broncos', 'W5', 5, 'Broncos', 'Colts', 'scheduled', false, false, 'AFC West', ''),
('w5-patriots-buccaneers', 'W5', 5, 'Buccaneers', 'Patriots', 'scheduled', false, false, 'NFC South', ''),
('w5-eagles-cardinals', 'W5', 5, 'Cardinals', 'Eagles', 'scheduled', false, false, 'NFC West', ''),
('w5-raiders-cowboys', 'W5', 5, 'Cowboys', 'Raiders', 'scheduled', false, false, 'NFC East', ''),
('w5-packers-dolphins', 'W5', 5, 'Dolphins', 'Packers', 'scheduled', false, false, 'NFC North', ''),
('w5-jaguars-giants', 'W5', 5, 'Giants', 'Jaguars', 'scheduled', false, false, 'NFC East', ''),
('w5-chargers-lions', 'W5', 5, 'Lions', 'Chargers', 'scheduled', false, false, 'NFC North', ''),
('w5-chiefs-panthers', 'W5', 5, 'Panthers', 'Chiefs', 'scheduled', false, false, 'NFC South', ''),
('w5-vikings-rams', 'W5', 5, 'Rams', 'Vikings', 'scheduled', false, false, 'NFC West', ''),
('w5-commanders-saints', 'W5', 5, 'Saints', 'Commanders', 'scheduled', false, false, 'NFC South', ''),
('w5-bills-seahawks', 'W5', 5, 'Seahawks', 'Bills', 'scheduled', false, false, 'NFC West', ''),
('w5-49ers-texans', 'W5', 5, 'Texans', '49ers', 'scheduled', false, false, 'NFC West', ''),
('w5-falcons-titans', 'W5', 5, 'Titans', 'Falcons', 'scheduled', false, false, 'NFC South', ''),
('w6-eagles-49ers', 'W6', 6, '49ers', 'Eagles', 'scheduled', false, false, 'NFC West', ''),
('w6-broncos-bears', 'W6', 6, 'Bears', 'Broncos', 'scheduled', false, false, 'NFC North', ''),
('w6-falcons-bengals', 'W6', 6, 'Bengals', 'Falcons', 'scheduled', false, false, 'NFC South', ''),
('w6-buccaneers-bills', 'W6', 6, 'Bills', 'Buccaneers', 'scheduled', false, false, 'NFC South', ''),
('w6-giants-browns', 'W6', 6, 'Browns', 'Giants', 'scheduled', false, false, 'NFC East', ''),
('w6-ravens-chargers', 'W6', 6, 'Chargers', 'Ravens', 'scheduled', false, false, 'AFC West', ''),
('w6-rams-chiefs', 'W6', 6, 'Chiefs', 'Rams', 'scheduled', false, false, 'NFC West', ''),
('w6-dolphins-cowboys', 'W6', 6, 'Cowboys', 'Dolphins', 'scheduled', false, false, 'NFC East', ''),
('w6-packers-jets', 'W6', 6, 'Jets', 'Packers', 'scheduled', false, false, 'NFC North', ''),
('w6-raiders-lions', 'W6', 6, 'Lions', 'Raiders', 'scheduled', false, false, 'NFC North', ''),
('w6-commanders-patriots', 'W6', 6, 'Patriots', 'Commanders', 'scheduled', false, false, 'NFC East', ''),
('w6-saints-seahawks', 'W6', 6, 'Seahawks', 'Saints', 'scheduled', false, false, 'NFC West', ''),
('w6-panthers-steelers', 'W6', 6, 'Steelers', 'Panthers', 'scheduled', false, false, 'NFC South', ''),
('w6-cardinals-vikings', 'W6', 6, 'Vikings', 'Cardinals', 'scheduled', false, false, 'NFC West', ''),
('w7-cowboys-bengals', 'W7', 7, 'Bengals', 'Cowboys', 'scheduled', false, false, 'NFC East', ''),
('w7-panthers-bills', 'W7', 7, 'Bills', 'Panthers', 'scheduled', false, false, 'NFC South', ''),
('w7-colts-cardinals', 'W7', 7, 'Cardinals', 'Colts', 'scheduled', false, false, 'NFC West', ''),
('w7-browns-commanders', 'W7', 7, 'Commanders', 'Browns', 'scheduled', false, false, 'NFC East', ''),
('w7-eagles-dolphins', 'W7', 7, 'Dolphins', 'Eagles', 'scheduled', false, false, 'NFC East', ''),
('w7-giants-falcons', 'W7', 7, 'Falcons', 'Giants', 'scheduled', false, false, 'NFC South', ''),
('w7-packers-jaguars', 'W7', 7, 'Jaguars', 'Packers', 'scheduled', false, false, 'NFC North', ''),
('w7-steelers-lions', 'W7', 7, 'Lions', 'Steelers', 'scheduled', false, false, 'NFC North', ''),
('w7-bears-patriots', 'W7', 7, 'Patriots', 'Bears', 'scheduled', false, false, 'NFC North', ''),
('w7-seahawks-ravens', 'W7', 7, 'Ravens', 'Seahawks', 'scheduled', false, false, 'NFC West', ''),
('w7-49ers-saints', 'W7', 7, 'Saints', '49ers', 'scheduled', false, false, 'NFC West', ''),
('w7-rams-texans', 'W7', 7, 'Texans', 'Rams', 'scheduled', false, false, 'NFC West', ''),
('w7-buccaneers-titans', 'W7', 7, 'Titans', 'Buccaneers', 'scheduled', false, false, 'NFC South', ''),
('w7-jets-vikings', 'W7', 7, 'Vikings', 'Jets', 'scheduled', false, false, 'NFC North', ''),
('w8-packers-bills', 'W8', 8, 'Bills', 'Packers', 'scheduled', false, false, 'NFC North', ''),
('w8-buccaneers-browns', 'W8', 8, 'Browns', 'Buccaneers', 'scheduled', false, false, 'NFC South', ''),
('w8-panthers-chargers', 'W8', 8, 'Chargers', 'Panthers', 'scheduled', false, false, 'NFC South', ''),
('w8-commanders-chiefs', 'W8', 8, 'Chiefs', 'Commanders', 'scheduled', false, false, 'NFC East', ''),
('w8-falcons-colts', 'W8', 8, 'Colts', 'Falcons', 'scheduled', false, false, 'NFC South', ''),
('w8-vikings-dolphins', 'W8', 8, 'Dolphins', 'Vikings', 'scheduled', false, false, 'NFC North', ''),
('w8-patriots-eagles', 'W8', 8, 'Eagles', 'Patriots', 'scheduled', false, false, 'NFC East', ''),
('w8-rams-jaguars', 'W8', 8, 'Jaguars', 'Rams', 'scheduled', false, false, 'NFC West', ''),
('w8-broncos-jets', 'W8', 8, 'Jets', 'Broncos', 'scheduled', false, false, 'AFC West', ''),
('w8-49ers-lions', 'W8', 8, 'Lions', '49ers', 'scheduled', false, false, 'NFC West', ''),
('w8-bengals-raiders', 'W8', 8, 'Raiders', 'Bengals', 'scheduled', false, false, 'AFC West', ''),
('w8-cardinals-ravens', 'W8', 8, 'Ravens', 'Cardinals', 'scheduled', false, false, 'NFC West', ''),
('w8-titans-saints', 'W8', 8, 'Saints', 'Titans', 'scheduled', false, false, 'NFC South', ''),
('w8-texans-seahawks', 'W8', 8, 'Seahawks', 'Texans', 'scheduled', false, false, 'NFC West', ''),
('w8-bears-steelers', 'W8', 8, 'Steelers', 'Bears', 'scheduled', false, false, 'NFC North', ''),
('w9-dolphins-49ers', 'W9', 9, '49ers', 'Dolphins', 'scheduled', false, false, 'NFC West', ''),
('w9-colts-bears', 'W9', 9, 'Bears', 'Colts', 'scheduled', false, false, 'NFC North', ''),
('w9-cardinals-bengals', 'W9', 9, 'Bengals', 'Cardinals', 'scheduled', false, false, 'NFC West', ''),
('w9-cowboys-browns', 'W9', 9, 'Browns', 'Cowboys', 'scheduled', false, false, 'NFC East', ''),
('w9-rams-buccaneers', 'W9', 9, 'Buccaneers', 'Rams', 'scheduled', false, false, 'NFC West', ''),
('w9-falcons-chargers', 'W9', 9, 'Chargers', 'Falcons', 'scheduled', false, false, 'NFC South', ''),
('w9-titans-giants', 'W9', 9, 'Giants', 'Titans', 'scheduled', false, false, 'NFC East', ''),
('w9-bills-jaguars', 'W9', 9, 'Jaguars', 'Bills', 'scheduled', false, false, 'AFC South', ''),
('w9-raiders-jets', 'W9', 9, 'Jets', 'Raiders', 'scheduled', false, false, 'AFC West', ''),
('w9-texans-lions', 'W9', 9, 'Lions', 'Texans', 'scheduled', false, false, 'NFC North', ''),
('w9-ravens-packers', 'W9', 9, 'Packers', 'Ravens', 'scheduled', false, false, 'NFC North', ''),
('w9-broncos-panthers', 'W9', 9, 'Panthers', 'Broncos', 'scheduled', false, false, 'NFC South', ''),
('w9-saints-patriots', 'W9', 9, 'Patriots', 'Saints', 'scheduled', false, false, 'NFC South', ''),
('w9-chiefs-seahawks', 'W9', 9, 'Seahawks', 'Chiefs', 'scheduled', false, false, 'NFC West', ''),
('w9-vikings-steelers', 'W9', 9, 'Steelers', 'Vikings', 'scheduled', false, false, 'NFC North', ''),
('w10-colts-49ers', 'W10', 10, '49ers', 'Colts', 'scheduled', false, false, 'NFC West', ''),
('w10-chargers-bills', 'W10', 10, 'Bills', 'Chargers', 'scheduled', false, false, 'AFC West', ''),
('w10-saints-broncos', 'W10', 10, 'Broncos', 'Saints', 'scheduled', false, false, 'NFC South', ''),
('w10-seahawks-buccaneers', 'W10', 10, 'Buccaneers', 'Seahawks', 'scheduled', false, false, 'NFC West', ''),
('w10-dolphins-cardinals', 'W10', 10, 'Cardinals', 'Dolphins', 'scheduled', false, false, 'NFC West', ''),
('w10-eagles-chiefs', 'W10', 10, 'Chiefs', 'Eagles', 'scheduled', false, false, 'NFC East', ''),
('w10-jaguars-commanders', 'W10', 10, 'Commanders', 'Jaguars', 'scheduled', false, false, 'NFC East', ''),
('w10-jets-cowboys', 'W10', 10, 'Cowboys', 'Jets', 'scheduled', false, false, 'NFC East', ''),
('w10-steelers-falcons', 'W10', 10, 'Falcons', 'Steelers', 'scheduled', false, false, 'NFC South', ''),
('w10-ravens-giants', 'W10', 10, 'Giants', 'Ravens', 'scheduled', false, false, 'NFC East', ''),
('w10-texans-panthers', 'W10', 10, 'Panthers', 'Texans', 'scheduled', false, false, 'NFC South', ''),
('w10-browns-raiders', 'W10', 10, 'Raiders', 'Browns', 'scheduled', false, false, 'AFC West', ''),
('w10-bengals-rams', 'W10', 10, 'Rams', 'Bengals', 'scheduled', false, false, 'NFC West', ''),
('w10-bears-titans', 'W10', 10, 'Titans', 'Bears', 'scheduled', false, false, 'NFC North', ''),
('w10-patriots-vikings', 'W10', 10, 'Vikings', 'Patriots', 'scheduled', false, false, 'NFC North', ''),
('w11-cowboys-bills', 'W11', 11, 'Bills', 'Cowboys', 'scheduled', false, false, 'NFC East', ''),
('w11-falcons-broncos', 'W11', 11, 'Broncos', 'Falcons', 'scheduled', false, false, 'NFC South', ''),
('w11-jets-buccaneers', 'W11', 11, 'Buccaneers', 'Jets', 'scheduled', false, false, 'NFC South', ''),
('w11-chiefs-cardinals', 'W11', 11, 'Cardinals', 'Chiefs', 'scheduled', false, false, 'NFC West', ''),
('w11-jaguars-chargers', 'W11', 11, 'Chargers', 'Jaguars', 'scheduled', false, false, 'AFC West', ''),
('w11-eagles-colts', 'W11', 11, 'Colts', 'Eagles', 'scheduled', false, false, 'NFC East', ''),
('w11-lions-commanders', 'W11', 11, 'Commanders', 'Lions', 'scheduled', false, false, 'NFC North', ''),
('w11-rams-dolphins', 'W11', 11, 'Dolphins', 'Rams', 'scheduled', false, false, 'NFC West', ''),
('w11-saints-giants', 'W11', 11, 'Giants', 'Saints', 'scheduled', false, false, 'NFC South', ''),
('w11-bengals-packers', 'W11', 11, 'Packers', 'Bengals', 'scheduled', false, false, 'NFC North', ''),
('w11-raiders-panthers', 'W11', 11, 'Panthers', 'Raiders', 'scheduled', false, false, 'NFC South', ''),
('w11-seahawks-patriots', 'W11', 11, 'Patriots', 'Seahawks', 'scheduled', false, false, 'NFC West', ''),
('w11-texans-ravens', 'W11', 11, 'Ravens', 'Texans', 'scheduled', false, false, 'AFC South', ''),
('w11-49ers-steelers', 'W11', 11, 'Steelers', '49ers', 'scheduled', false, false, 'NFC West', ''),
('w11-browns-titans', 'W11', 11, 'Titans', 'Browns', 'scheduled', false, false, 'AFC South', ''),
('w12-bengals-49ers', 'W12', 12, '49ers', 'Bengals', 'scheduled', false, false, 'NFC West', ''),
('w12-bills-bears', 'W12', 12, 'Bears', 'Bills', 'scheduled', false, false, 'NFC North', ''),
('w12-lions-broncos', 'W12', 12, 'Broncos', 'Lions', 'scheduled', false, false, 'NFC North', ''),
('w12-browns-chiefs', 'W12', 12, 'Chiefs', 'Browns', 'scheduled', false, false, 'AFC West', ''),
('w12-cowboys-colts', 'W12', 12, 'Colts', 'Cowboys', 'scheduled', false, false, 'NFC East', ''),
('w12-seahawks-dolphins', 'W12', 12, 'Dolphins', 'Seahawks', 'scheduled', false, false, 'NFC West', ''),
('w12-jaguars-eagles', 'W12', 12, 'Eagles', 'Jaguars', 'scheduled', false, false, 'NFC East', ''),
('w12-vikings-giants', 'W12', 12, 'Giants', 'Vikings', 'scheduled', false, false, 'NFC North', ''),
('w12-chargers-jets', 'W12', 12, 'Jets', 'Chargers', 'scheduled', false, false, 'AFC West', ''),
('w12-texans-packers', 'W12', 12, 'Packers', 'Texans', 'scheduled', false, false, 'NFC North', ''),
('w12-patriots-panthers', 'W12', 12, 'Panthers', 'Patriots', 'scheduled', false, false, 'NFC South', ''),
('w12-rams-raiders', 'W12', 12, 'Raiders', 'Rams', 'scheduled', false, false, 'NFC West', ''),
('w12-saints-ravens', 'W12', 12, 'Ravens', 'Saints', 'scheduled', false, false, 'NFC South', ''),
('w12-cardinals-steelers', 'W12', 12, 'Steelers', 'Cardinals', 'scheduled', false, false, 'NFC West', ''),
('w12-commanders-titans', 'W12', 12, 'Titans', 'Commanders', 'scheduled', false, false, 'NFC East', ''),
('w13-chiefs-49ers', 'W13', 13, '49ers', 'Chiefs', 'scheduled', false, false, 'NFC West', ''),
('w13-chargers-bengals', 'W13', 13, 'Bengals', 'Chargers', 'scheduled', false, false, 'AFC West', ''),
('w13-lions-bills', 'W13', 13, 'Bills', 'Lions', 'scheduled', false, false, 'NFC North', ''),
('w13-browns-broncos', 'W13', 13, 'Broncos', 'Browns', 'scheduled', false, false, 'AFC West', ''),
('w13-cardinals-buccaneers', 'W13', 13, 'Buccaneers', 'Cardinals', 'scheduled', false, false, 'NFC West', ''),
('w13-giants-colts', 'W13', 13, 'Colts', 'Giants', 'scheduled', false, false, 'NFC East', ''),
('w13-dolphins-commanders', 'W13', 13, 'Commanders', 'Dolphins', 'scheduled', false, false, 'NFC East', ''),
('w13-titans-cowboys', 'W13', 13, 'Cowboys', 'Titans', 'scheduled', false, false, 'NFC East', ''),
('w13-jets-eagles', 'W13', 13, 'Eagles', 'Jets', 'scheduled', false, false, 'NFC East', ''),
('w13-jaguars-falcons', 'W13', 13, 'Falcons', 'Jaguars', 'scheduled', false, false, 'NFC South', ''),
('w13-patriots-packers', 'W13', 13, 'Packers', 'Patriots', 'scheduled', false, false, 'NFC North', ''),
('w13-ravens-raiders', 'W13', 13, 'Raiders', 'Ravens', 'scheduled', false, false, 'AFC West', ''),
('w13-steelers-rams', 'W13', 13, 'Rams', 'Steelers', 'scheduled', false, false, 'NFC West', ''),
('w13-vikings-seahawks', 'W13', 13, 'Seahawks', 'Vikings', 'scheduled', false, false, 'NFC West', ''),
('w13-bears-texans', 'W13', 13, 'Texans', 'Bears', 'scheduled', false, false, 'NFC North', ''),
('w14-dolphins-bears', 'W14', 14, 'Bears', 'Dolphins', 'scheduled', false, false, 'NFC North', ''),
('w14-broncos-bengals', 'W14', 14, 'Bengals', 'Broncos', 'scheduled', false, false, 'AFC West', ''),
('w14-eagles-browns', 'W14', 14, 'Browns', 'Eagles', 'scheduled', false, false, 'NFC East', ''),
('w14-titans-chargers', 'W14', 14, 'Chargers', 'Titans', 'scheduled', false, false, 'AFC West', ''),
('w14-giants-chiefs', 'W14', 14, 'Chiefs', 'Giants', 'scheduled', false, false, 'NFC East', ''),
('w14-commanders-colts', 'W14', 14, 'Colts', 'Commanders', 'scheduled', false, false, 'NFC East', ''),
('w14-lions-falcons', 'W14', 14, 'Falcons', 'Lions', 'scheduled', false, false, 'NFC South', ''),
('w14-raiders-jaguars', 'W14', 14, 'Jaguars', 'Raiders', 'scheduled', false, false, 'AFC West', ''),
('w14-panthers-jets', 'W14', 14, 'Jets', 'Panthers', 'scheduled', false, false, 'NFC South', ''),
('w14-steelers-packers', 'W14', 14, 'Packers', 'Steelers', 'scheduled', false, false, 'NFC North', ''),
('w14-cowboys-patriots', 'W14', 14, 'Patriots', 'Cowboys', 'scheduled', false, false, 'NFC East', ''),
('w14-saints-rams', 'W14', 14, 'Rams', 'Saints', 'scheduled', false, false, 'NFC West', ''),
('w14-buccaneers-ravens', 'W14', 14, 'Ravens', 'Buccaneers', 'scheduled', false, false, 'NFC South', ''),
('w14-cardinals-texans', 'W14', 14, 'Texans', 'Cardinals', 'scheduled', false, false, 'NFC West', ''),
('w14-bills-vikings', 'W14', 14, 'Vikings', 'Bills', 'scheduled', false, false, 'NFC North', ''),
('w15-buccaneers-49ers', 'W15', 15, '49ers', 'Buccaneers', 'scheduled', false, false, 'NFC West', ''),
('w15-giants-bengals', 'W15', 15, 'Bengals', 'Giants', 'scheduled', false, false, 'NFC East', ''),
('w15-jaguars-broncos', 'W15', 15, 'Broncos', 'Jaguars', 'scheduled', false, false, 'AFC West', ''),
('w15-chargers-browns', 'W15', 15, 'Browns', 'Chargers', 'scheduled', false, false, 'AFC West', ''),
('w15-bears-chiefs', 'W15', 15, 'Chiefs', 'Bears', 'scheduled', false, false, 'NFC North', ''),
('w15-packers-colts', 'W15', 15, 'Colts', 'Packers', 'scheduled', false, false, 'NFC North', ''),
('w15-jets-commanders', 'W15', 15, 'Commanders', 'Jets', 'scheduled', false, false, 'NFC East', ''),
('w15-ravens-cowboys', 'W15', 15, 'Cowboys', 'Ravens', 'scheduled', false, false, 'NFC East', ''),
('w15-panthers-dolphins', 'W15', 15, 'Dolphins', 'Panthers', 'scheduled', false, false, 'NFC South', ''),
('w15-titans-eagles', 'W15', 15, 'Eagles', 'Titans', 'scheduled', false, false, 'NFC East', ''),
('w15-raiders-falcons', 'W15', 15, 'Falcons', 'Raiders', 'scheduled', false, false, 'NFC South', ''),
('w15-patriots-lions', 'W15', 15, 'Lions', 'Patriots', 'scheduled', false, false, 'NFC North', ''),
('w15-bills-saints', 'W15', 15, 'Saints', 'Bills', 'scheduled', false, false, 'NFC South', ''),
('w15-steelers-seahawks', 'W15', 15, 'Seahawks', 'Steelers', 'scheduled', false, false, 'NFC West', ''),
('w15-vikings-texans', 'W15', 15, 'Texans', 'Vikings', 'scheduled', false, false, 'NFC North', ''),
('w16-vikings-bears', 'W16', 16, 'Bears', 'Vikings', 'scheduled', false, false, 'NFC North', ''),
('w16-ravens-bengals', 'W16', 16, 'Bengals', 'Ravens', 'scheduled', false, false, 'AFC North', ''),
('w16-rams-cardinals', 'W16', 16, 'Cardinals', 'Rams', 'scheduled', false, false, 'NFC West', ''),
('w16-raiders-chargers', 'W16', 16, 'Chargers', 'Raiders', 'scheduled', false, false, 'AFC West', ''),
('w16-broncos-chiefs', 'W16', 16, 'Chiefs', 'Broncos', 'scheduled', false, false, 'AFC West', ''),
('w16-texans-colts', 'W16', 16, 'Colts', 'Texans', 'scheduled', false, false, 'AFC South', ''),
('w16-eagles-commanders', 'W16', 16, 'Commanders', 'Eagles', 'scheduled', false, false, 'NFC East', ''),
('w16-bills-dolphins', 'W16', 16, 'Dolphins', 'Bills', 'scheduled', false, false, 'AFC East', ''),
('w16-buccaneers-falcons', 'W16', 16, 'Falcons', 'Buccaneers', 'scheduled', false, false, 'NFC South', ''),
('w16-cowboys-giants', 'W16', 16, 'Giants', 'Cowboys', 'scheduled', false, false, 'NFC East', ''),
('w16-patriots-jets', 'W16', 16, 'Jets', 'Patriots', 'scheduled', false, false, 'AFC East', ''),
('w16-packers-lions', 'W16', 16, 'Lions', 'Packers', 'scheduled', false, false, 'NFC North', ''),
('w16-saints-panthers', 'W16', 16, 'Panthers', 'Saints', 'scheduled', false, false, 'NFC South', ''),
('w16-49ers-seahawks', 'W16', 16, 'Seahawks', '49ers', 'scheduled', false, false, 'NFC West', ''),
('w16-browns-steelers', 'W16', 16, 'Steelers', 'Browns', 'scheduled', false, false, 'AFC North', ''),
('w16-jaguars-titans', 'W16', 16, 'Titans', 'Jaguars', 'scheduled', false, false, 'AFC South', ''),
('w17-lions-bears', 'W17', 17, 'Bears', 'Lions', 'scheduled', false, false, 'NFC North', ''),
('w17-ravens-browns', 'W17', 17, 'Browns', 'Ravens', 'scheduled', false, false, 'AFC North', ''),
('w17-seahawks-cardinals', 'W17', 17, 'Cardinals', 'Seahawks', 'scheduled', false, false, 'NFC West', ''),
('w17-chiefs-chargers', 'W17', 17, 'Chargers', 'Chiefs', 'scheduled', false, false, 'AFC West', ''),
('w17-giants-commanders', 'W17', 17, 'Commanders', 'Giants', 'scheduled', false, false, 'NFC East', ''),
('w17-cowboys-eagles', 'W17', 17, 'Eagles', 'Cowboys', 'scheduled', false, false, 'NFC East', ''),
('w17-texans-jaguars', 'W17', 17, 'Jaguars', 'Texans', 'scheduled', false, false, 'AFC South', ''),
('w17-dolphins-jets', 'W17', 17, 'Jets', 'Dolphins', 'scheduled', false, false, 'AFC East', ''),
('w17-falcons-panthers', 'W17', 17, 'Panthers', 'Falcons', 'scheduled', false, false, 'NFC South', ''),
('w17-bills-patriots', 'W17', 17, 'Patriots', 'Bills', 'scheduled', false, false, 'AFC East', ''),
('w17-broncos-raiders', 'W17', 17, 'Raiders', 'Broncos', 'scheduled', false, false, 'AFC West', ''),
('w17-49ers-rams', 'W17', 17, 'Rams', '49ers', 'scheduled', false, false, 'NFC West', ''),
('w17-buccaneers-saints', 'W17', 17, 'Saints', 'Buccaneers', 'scheduled', false, false, 'NFC South', ''),
('w17-bengals-steelers', 'W17', 17, 'Steelers', 'Bengals', 'scheduled', false, false, 'AFC North', ''),
('w17-colts-titans', 'W17', 17, 'Titans', 'Colts', 'scheduled', false, false, 'AFC South', ''),
('w17-packers-vikings', 'W17', 17, 'Vikings', 'Packers', 'scheduled', false, false, 'NFC North', ''),
('w18-packers-bears', 'W18', 18, 'Bears', 'Packers', 'scheduled', false, false, 'NFC North', ''),
('w18-bengals-browns', 'W18', 18, 'Browns', 'Bengals', 'scheduled', false, false, 'AFC North', ''),
('w18-49ers-cardinals', 'W18', 18, 'Cardinals', '49ers', 'scheduled', false, false, 'NFC West', ''),
('w18-broncos-chargers', 'W18', 18, 'Chargers', 'Broncos', 'scheduled', false, false, 'AFC West', ''),
('w18-cowboys-commanders', 'W18', 18, 'Commanders', 'Cowboys', 'scheduled', false, false, 'NFC East', ''),
('w18-giants-eagles', 'W18', 18, 'Eagles', 'Giants', 'scheduled', false, false, 'NFC East', ''),
('w18-colts-jaguars', 'W18', 18, 'Jaguars', 'Colts', 'scheduled', false, false, 'AFC South', ''),
('w18-bills-jets', 'W18', 18, 'Jets', 'Bills', 'scheduled', false, false, 'AFC East', ''),
('w18-buccaneers-panthers', 'W18', 18, 'Panthers', 'Buccaneers', 'scheduled', false, false, 'NFC South', ''),
('w18-dolphins-patriots', 'W18', 18, 'Patriots', 'Dolphins', 'scheduled', false, false, 'AFC East', ''),
('w18-chiefs-raiders', 'W18', 18, 'Raiders', 'Chiefs', 'scheduled', false, false, 'AFC West', ''),
('w18-seahawks-rams', 'W18', 18, 'Rams', 'Seahawks', 'scheduled', false, false, 'NFC West', ''),
('w18-falcons-saints', 'W18', 18, 'Saints', 'Falcons', 'scheduled', false, false, 'NFC South', ''),
('w18-ravens-steelers', 'W18', 18, 'Steelers', 'Ravens', 'scheduled', false, false, 'AFC North', ''),
('w18-texans-titans', 'W18', 18, 'Titans', 'Texans', 'scheduled', false, false, 'AFC South', ''),
('w18-lions-vikings', 'W18', 18, 'Vikings', 'Lions', 'scheduled', false, false, 'NFC North', '');

insert into public.rankings (week, rank, team_name, previous_rank, note) values
(1, 1, 'Chiefs', null, ''),
(1, 2, 'Broncos', null, ''),
(1, 3, 'Raiders', null, ''),
(1, 4, 'Chargers', null, ''),
(1, 5, 'Bengals', null, ''),
(1, 6, 'Ravens', null, ''),
(1, 7, 'Steelers', null, ''),
(1, 8, 'Browns', null, ''),
(1, 9, 'Titans', null, ''),
(1, 10, 'Texans', null, ''),
(1, 11, 'Jaguars', null, ''),
(1, 12, 'Colts', null, ''),
(1, 13, 'Bills', null, ''),
(1, 14, 'Dolphins', null, ''),
(1, 15, 'Jets', null, ''),
(1, 16, 'Patriots', null, ''),
(1, 17, 'Bears', null, ''),
(1, 18, 'Lions', null, ''),
(1, 19, 'Packers', null, ''),
(1, 20, 'Vikings', null, ''),
(1, 21, 'Cowboys', null, ''),
(1, 22, 'Eagles', null, ''),
(1, 23, 'Commanders', null, ''),
(1, 24, 'Giants', null, ''),
(1, 25, 'Saints', null, ''),
(1, 26, 'Panthers', null, ''),
(1, 27, 'Falcons', null, ''),
(1, 28, 'Buccaneers', null, ''),
(1, 29, 'Rams', null, ''),
(1, 30, '49ers', null, ''),
(1, 31, 'Seahawks', null, ''),
(1, 32, 'Cardinals', null, '');

insert into public.news (title, body, image_url, category, is_featured) values
('Welcome to NTFL Network', 'Supabase powers teams, coaches, schedule, standings, rankings, and the commissioner dashboard.', '', 'League', true);

insert into public.site_settings (key, value) values
('season_banner', '{"title": "Season 4 Week 1", "subtitle": "NTFL Network"}'),
('home_banner', '{"headline": "Where the NTFL collides", "cta": "Commissioner Control Center"}'),
('rules', '{"title": "League Rules", "body": "Add your NTFL rules here."}');